LOCATION,TIME,PC_HEALTHXP,PC_GDP,USD_CAP,TOTAL_SPEND,POPULATION,PC_HEALTHXP_GROWTH,PC_GDP_GROWTH,USD_CAP_GROWTH,TOTAL_SPEND_GROWTH,POPULATION_GROWTH,HIGHEST_GROWTH_METRIC,HIGHEST_GROWTH_VALUE
AUS,2011,15.311,1.307,583.222,13029.19,22340024.0,,,,,,,
AUS,2012,15.308,1.328,589.993,13412.59,22733465.0,-0.0001959375612304859,0.016067329762815774,0.011609644354979798,0.02942623447812176,0.017611485108520952,TOTAL_SPEND,0.02942623447812176
AUS,2013,14.345,1.255,586.402,13562.38,23128129.0,-0.06290828325058784,-0.05496987951807242,-0.006086512890830953,0.011167865416000788,0.017360485961994687,POPULATION,0.017360485961994687
AUS,2014,12.498,1.229,569.455,13368.35,23475686.0,-0.12875566399442318,-0.02071713147410348,-0.028899969645396872,-0.014306486029738053,0.01502745855490506,POPULATION,0.01502745855490506
AUS,2015,12.442,1.267,594.233,14152.25,23815995.0,-0.004480716914706306,0.030919446704637865,0.04351177880605128,0.05863850063770015,0.014496232399768827,TOTAL_SPEND,0.05863850063770015
AUS,2016,12.915,1.303,650.539,15737.13,24190907.0,0.03801639607780083,0.0284135753749013,0.09475407794585644,0.11198784645551063,0.015742025474896115,TOTAL_SPEND,0.11198784645551063
AUS,2017,12.275,1.243,622.908,15318.92,24592588.0,-0.049554781262098224,-0.04604758250191854,-0.04247401001323514,-0.026574731224816683,0.016604627515619752,POPULATION,0.016604627515619752
AUS,2018,11.93,1.2,619.256,15458.65,24963258.0,-0.028105906313645623,-0.03459372485921175,-0.005862824044642334,0.009121400203147445,0.015072427513525666,POPULATION,0.015072427513525666
AUS,2019,12.049,1.231,617.729,15650.06,25334826.0,0.009974853310980691,0.025833333333333375,-0.002465862260518925,0.01238206441054035,0.014884595592450367,PC_GDP,0.025833333333333375
AUS,2020,11.961,1.278,680.868,17463.75,25649248.0,-0.0073035106647854064,0.03818034118602753,0.10221148756169773,0.11589029051645805,0.012410663487485651,TOTAL_SPEND,0.11589029051645805
AUT,2011,12.291,1.232,534.067,4481.7,8391643.0,,,,,,,
AUT,2012,12.063,1.23,553.478,4665.81,8429991.0,-0.01855015865267262,-0.0016233766233766378,0.03634562704679367,0.04108039360064275,0.0045697844867804704,TOTAL_SPEND,0.04108039360064275
AUT,2013,11.886,1.223,566.622,4804.85,8479823.0,-0.014672966923650943,-0.005691056910569037,0.023748008050907154,0.029799756098083607,0.005911275587364262,TOTAL_SPEND,0.029799756098083607
AUT,2014,12.144,1.259,589.981,5042.19,8546356.0,0.02170620898536102,0.02943581357318048,0.04122501420700231,0.04939592286960037,0.007846036409014712,TOTAL_SPEND,0.04939592286960037
AUT,2015,12.292,1.274,607.648,5251.72,8642699.0,0.012187088274044688,0.011914217633042234,0.02994503212815336,0.041555355906857994,0.011272991670367993,TOTAL_SPEND,0.041555355906857994
AUT,2016,11.965,1.239,621.653,5431.18,8736668.0,-0.026602668402212815,-0.027472527472527375,0.023047882984885915,0.034171661855544544,0.010872645223442445,TOTAL_SPEND,0.034171661855544544
AUT,2017,12.085,1.255,642.378,5651.36,8797566.0,0.0100292519849563,0.012913640032284013,0.03333853452006186,0.04053999315065959,0.006970391916002683,TOTAL_SPEND,0.04053999315065959
AUT,2018,11.951,1.237,659.52,5830.5,8840521.0,-0.011088125775755131,-0.014342629482071545,0.02668522271933349,0.03169856459330145,0.004882600482906341,TOTAL_SPEND,0.03169856459330145
AUT,2019,11.836,1.241,665.852,5912.71,8879920.0,-0.00962262572169692,0.003233629749393785,0.009600921882581215,0.01409999142440621,0.004456637793179841,TOTAL_SPEND,0.01409999142440621
AUT,2020,12.131,1.381,711.325,6342.79,8916864.0,0.024923960797566647,0.11281224818694602,0.06829295398977564,0.07273821986872342,0.00416039784142197,PC_GDP,0.11281224818694602
BEL,2011,13.608,1.41,551.654,6089.3,11038264.0,,,,,,,
BEL,2012,12.768,1.341,541.621,6015.75,11106932.0,-0.061728395061728336,-0.04893617021276597,-0.018187124538206922,-0.012078564038559447,0.006220905751121775,POPULATION,0.006220905751121775
BEL,2013,12.534,1.326,556.791,6213.46,11159407.0,-0.018327067669172914,-0.01118568232662187,0.028008515179433813,0.03286539500477903,0.0047245269890912045,TOTAL_SPEND,0.03286539500477903
BEL,2014,12.223,1.297,561.59,6294.89,11209057.0,-0.024812509972873764,-0.021870286576169073,0.0086190329944269,0.013105419524709339,0.004449161142702218,TOTAL_SPEND,0.013105419524709339
BEL,2015,12.27,1.325,591.141,6664.64,11274196.0,0.0038452098502821386,0.021588280647648395,0.05262023896436885,0.0587381193317118,0.005811282786767791,TOTAL_SPEND,0.0587381193317118
BEL,2016,12.043,1.3,603.742,6841.26,11331422.0,-0.018500407497962557,-0.01886792452830177,0.02131640336231122,0.026501056321121652,0.005075838667342625,TOTAL_SPEND,0.026501056321121652
BEL,2017,11.513,1.243,592.17,6736.03,11375158.0,-0.04400896786514985,-0.04384615384615376,-0.01916712768036677,-0.015381669458550129,0.0038597097522270474,POPULATION,0.0038597097522270474
BEL,2018,11.237,1.22,601.265,6870.69,11427054.0,-0.02397290019977416,-0.018503620273531918,0.015358765219447124,0.019991003603012425,0.004562222344516087,TOTAL_SPEND,0.019991003603012425
BEL,2019,11.314,1.221,613.639,7050.09,11488980.0,0.006852362730266126,0.0008196721311475308,0.0205799439515022,0.02611091462429549,0.005419244540193935,TOTAL_SPEND,0.02611091462429549
BEL,2020,11.176,1.251,615.681,7104.1,11538604.0,-0.012197277709033005,0.02457002457002444,0.0033276894069640406,0.007660895109140586,0.0043192694216545036,PC_GDP,0.02457002457002444
BGR,2012,37.745,2.846,474.182,3464.32,7305888.0,,,,,,,
BGR,2013,34.911,2.494,432.714,3143.72,7265115.0,-0.07508279242283733,-0.1236823612087139,-0.0874516535844887,-0.09254341400332544,-0.0055808410969344635,POPULATION,-0.0055808410969344635
BGR,2014,34.883,2.68,491.214,3548.5,7223938.0,-0.000802039471799687,0.07457898957497999,0.13519322231312136,0.12875828636138076,-0.0056677698838903945,USD_CAP,0.13519322231312136
BGR,2015,35.948,2.657,516.436,3706.97,7177991.0,0.030530630966373318,-0.008582089552238825,0.05134625641777313,0.044658306326616826,-0.006360381276804938,USD_CAP,0.05134625641777313
BGR,2016,36.738,2.739,587.206,4185.5,7127822.0,0.02197618782686095,0.03086187429431675,0.13703537321178216,0.12908925618497058,-0.0069892815413115095,USD_CAP,0.13703537321178216
BGR,2017,36.971,2.77,625.801,4428.13,7075947.0,0.006342206979149667,0.011317999269806478,0.06572650824412563,0.057969179309520946,-0.007277819227247795,USD_CAP,0.06572650824412563
BGR,2018,35.409,2.595,625.647,4395.19,7025037.0,-0.042249330556381914,-0.0631768953068591,-0.00024608461795361247,-0.007438805997113995,-0.007194796682338023,USD_CAP,-0.00024608461795361247
BGR,2019,34.357,2.436,616.927,4303.54,6975761.0,-0.029709960744443542,-0.06127167630057817,-0.013937571825646144,-0.020852340854433993,-0.007014340280342979,POPULATION,-0.007014340280342979
BGR,2020,32.623,2.766,692.585,4802.39,6934015.0,-0.05047006432459189,0.1354679802955665,0.12263687599991568,0.11591619922203589,-0.005984436680098404,PC_GDP,0.1354679802955665
CAN,2011,17.903,1.858,755.06,25928.17,34339221.0,,,,,,,
CAN,2012,17.462,1.835,756.825,26271.97,34713395.0,-0.024632743115678868,-0.012378902045209972,0.002337562577808594,0.01325970942029464,0.010896403270184818,TOTAL_SPEND,0.01325970942029464
CAN,2013,17.036,1.774,754.272,26460.61,35080992.0,-0.024395830947199548,-0.03324250681198904,-0.003373302943216694,0.007180276165053456,0.010589485701413048,POPULATION,0.010589485701413048
CAN,2014,16.628,1.706,754.336,26729.19,35434066.0,-0.023949283869452942,-0.03833145434047358,8.485002757629978e-05,0.010150181722945906,0.010064538653867139,TOTAL_SPEND,0.010150181722945906
CAN,2015,16.722,1.796,774.778,27663.06,35704498.0,0.0056531152273273655,0.05275498241500598,0.02709932974165352,0.03493820800405856,0.007631977656755495,PC_GDP,0.05275498241500598
CAN,2016,16.625,1.834,838.504,30279.05,36110803.0,-0.005800741538093623,0.021158129175946616,0.08225065760772754,0.09456618320605159,0.011379658663734693,TOTAL_SPEND,0.09456618320605159
CAN,2017,16.426,1.791,849.457,31043.47,36545075.0,-0.011969924812030186,-0.023446019629225767,0.013062549492906417,0.02524583829413407,0.012026096456509094,TOTAL_SPEND,0.02524583829413407
CAN,2018,15.927,1.737,850.075,31514.51,37072620.0,-0.030378667965420658,-0.03015075376884413,0.0007275235827122195,0.01517356146075155,0.014435460865793726,TOTAL_SPEND,0.01517356146075155
CAN,2019,15.846,1.744,827.573,31132.05,37618495.0,-0.005085703522320517,0.004029936672423684,-0.026470605534805847,-0.01213599703755508,0.014724478604425606,POPULATION,0.014724478604425606
CAN,2020,14.236,1.856,836.93,31827.31,38028638.0,-0.1016029281837687,0.06422018348623859,0.011306555433780341,0.022332612211531266,0.010902695602256207,PC_GDP,0.06422018348623859
CHE,2011,10.323,1.037,539.795,4271.07,7912398.0,,,,,,,
CHE,2012,10.377,1.053,566.963,4533.92,7996861.0,0.005231037489102031,0.015429122468659573,0.05033021795311177,0.06154195552870845,0.010674766360337262,TOTAL_SPEND,0.06154195552870845
CHE,2013,10.228,1.062,595.626,4818.22,8089346.0,-0.014358677845234702,0.008547008547008739,0.05055532724357681,0.06270512051381583,0.011565162880785351,TOTAL_SPEND,0.06270512051381583
CHE,2014,10.225,1.066,611.906,5010.68,8188649.0,-0.0002933124755573058,0.0037664783427495685,0.027332587899117966,0.039944211762850124,0.012275776063973565,TOTAL_SPEND,0.039944211762850124
CHE,2015,10.177,1.097,636.994,5275.84,8282396.0,-0.004694376528117328,0.029080675422138658,0.04099976140126116,0.052918965090566594,0.011448408644698205,TOTAL_SPEND,0.052918965090566594
CHE,2016,10.333,1.136,676.592,5665.33,8373338.0,0.01532868232288509,0.03555150410209662,0.06216385083689957,0.07382521077212334,0.01098015598384805,TOTAL_SPEND,0.07382521077212334
CHE,2017,10.545,1.165,687.401,5809.8,8451840.0,0.020516790864221424,0.025528169014084723,0.015975654456452215,0.025500721052436504,0.009375233628452495,PC_GDP,0.025528169014084723
CHE,2018,10.661,1.148,703.786,5992.27,8514329.0,0.011000474158368911,-0.01459227467811175,0.02383615967972119,0.03140727735894533,0.007393537975162845,TOTAL_SPEND,0.03140727735894533
CHE,2019,10.681,1.182,716.538,6144.51,8575280.0,0.0018759966232060332,0.029616724738676048,0.018119144171665935,0.025406064813501272,0.007158638102896964,PC_GDP,0.029616724738676048
CHE,2020,10.849,1.273,761.87,6581.16,8638167.0,0.015728864338545145,0.0769881556683587,0.06326531181877293,0.07106343711703622,0.007333521471019067,PC_GDP,0.0769881556683587
CRI,2011,14.943,1.212,175.759,810.22,4609833.0,,,,,,,
CRI,2012,14.365,1.118,175.023,816.3,4663934.0,-0.03868031854379972,-0.07755775577557744,-0.004187552273283268,0.007504134679469754,0.01173599998091035,POPULATION,0.01173599998091035
CRI,2013,13.506,1.037,167.223,788.65,4716147.0,-0.059798120431604596,-0.07245080500894474,-0.044565571382046865,-0.03387235085140261,0.011195055504644724,POPULATION,0.011195055504644724
CRI,2014,14.751,1.13,193.603,922.93,4767119.0,0.09218125277654377,0.08968177434908386,0.1577534190870873,0.1702656438217207,0.01080797523910948,TOTAL_SPEND,0.1702656438217207
CRI,2015,14.541,1.104,201.037,968.6,4818038.0,-0.014236322961155068,-0.023008849557521915,0.03839816531768614,0.04948370949042724,0.010681294089784688,TOTAL_SPEND,0.04948370949042724
CRI,2016,13.614,0.996,192.399,936.41,4866998.0,-0.06375077367443782,-0.09782608695652184,-0.04296721499027545,-0.03323353293413178,0.010161812754486466,POPULATION,0.010161812754486466
CRI,2017,7.66,0.54,110.724,544.01,4913177.0,-0.4373439106801822,-0.45783132530120474,-0.42450844339107785,-0.4190472122254141,0.009488189639691669,POPULATION,0.009488189639691669
CRI,2018,9.4,0.685,143.799,712.93,4957818.0,0.22715404699738895,0.2685185185185186,0.29871572558794846,0.3105089979963602,0.009085974309494649,TOTAL_SPEND,0.3105089979963602
CRI,2019,9.076,0.655,141.242,706.15,4999553.0,-0.034468085106382995,-0.04379562043795626,-0.017781764824512103,-0.009510050075042353,0.008418017765073227,POPULATION,0.008418017765073227
CRI,2020,8.225,0.644,133.065,669.89,5034320.0,-0.09376377258704283,-0.016793893129770976,-0.05789354441313488,-0.051348863555901736,0.006954021689538958,POPULATION,0.006954021689538958
CYP,2011,15.947,1.026,322.562,369.82,1146493.0,,,,,,,
CYP,2012,16.093,1.052,320.284,373.26,1165397.0,0.009155327020756276,0.025341130604288553,-0.007062208195633746,0.009301822508247293,0.016488543759098473,PC_GDP,0.025341130604288553
CYP,2013,16.422,1.138,331.247,392.16,1183895.0,0.020443671161374466,0.08174904942965755,0.034228996765370834,0.05063494615013675,0.01587270260692275,PC_GDP,0.08174904942965755
CYP,2014,16.769,1.162,340.102,408.73,1201801.0,0.021130191206917504,0.02108963093145877,0.026732317575706155,0.04225316197470419,0.015124652101748959,TOTAL_SPEND,0.04225316197470419
CYP,2015,18.405,1.25,383.794,468.04,1219502.0,0.09756097560975618,0.07573149741824459,0.1284673421502962,0.14510801751767666,0.014728727967442179,TOTAL_SPEND,0.14510801751767666
CYP,2016,18.628,1.239,426.097,527.13,1237112.0,0.01211627275196947,-0.008799999999999919,0.11022319265022373,0.12624989317152369,0.014440320721081257,TOTAL_SPEND,0.12624989317152369
CYP,2017,18.228,1.207,440.257,552.2,1254275.0,-0.02147305132059263,-0.025827280064568248,0.03323186973858072,0.04755942556864534,0.013873440723232822,TOTAL_SPEND,0.04755942556864534
CYP,2018,18.133,1.238,474.21,602.6,1270737.0,-0.0052117621242046,0.025683512841756295,0.07712086349563996,0.09127127852227446,0.013124713479898853,TOTAL_SPEND,0.09127127852227446
CYP,2019,15.497,1.095,431.324,554.97,1286671.0,-0.14537031930734012,-0.11550888529886916,-0.09043672634486821,-0.07904082309990046,0.012539180019154328,POPULATION,0.012539180019154328
CYP,2020,14.122,1.187,440.737,573.95,1302247.0,-0.08872685035813388,0.08401826484018282,0.021823501590451766,0.03420004684937927,0.012105658711512035,PC_GDP,0.08401826484018282
CZE,2011,19.563,1.479,435.792,4574.11,10496088.0,,,,,,,
CZE,2012,19.854,1.514,453.465,4766.27,10510785.0,0.014875019168839154,0.02366463826910059,0.0405537504130411,0.04201035829921018,0.0014002359736313696,TOTAL_SPEND,0.04201035829921018
CZE,2013,19.043,1.432,454.121,4774.75,10514272.0,-0.04084819180014099,-0.05416116248348746,0.0014466386600950898,0.001779169035744932,0.00033175447885192,TOTAL_SPEND,0.001779169035744932
CZE,2014,18.116,1.379,465.57,4900.29,10525347.0,-0.048679304731397366,-0.03701117318435754,0.02521134235148792,0.026292476045866264,0.0010533301782567062,TOTAL_SPEND,0.026292476045866264
CZE,2015,17.997,1.326,468.988,4945.98,10546059.0,-0.006568778979907264,-0.03843364757070333,0.007341538329359798,0.009323937971017937,0.001967821108415757,TOTAL_SPEND,0.009323937971017937
CZE,2016,17.755,1.322,496.858,5249.97,10566332.0,-0.013446685558704319,-0.003016591251885359,0.05942582752650383,0.06146203583516319,0.0019223294692358728,TOTAL_SPEND,0.06146203583516319
CZE,2017,17.172,1.267,509.941,5402.54,10594438.0,-0.03283582089552228,-0.04160363086232988,0.026331466938239734,0.029061118444486223,0.002659958063025103,TOTAL_SPEND,0.029061118444486223
CZE,2018,16.318,1.219,510.498,5426.56,10629928.0,-0.049732122059165995,-0.037884767166534994,0.0010922832249220527,0.004446056854738867,0.0033498709417147943,TOTAL_SPEND,0.004446056854738867
CZE,2019,15.785,1.2,516.51,5512.13,10671870.0,-0.03266331658291466,-0.015586546349466879,0.011776735658121984,0.015768737469041172,0.003945652312979053,TOTAL_SPEND,0.015768737469041172
CZE,2020,15.238,1.404,579.669,6201.22,10697858.0,-0.03465315172632255,0.16999999999999993,0.12228030435035131,0.12501337958284742,0.0024351870852998836,PC_GDP,0.16999999999999993
DEU,2011,14.287,1.54,652.43,52373.81,80274983.0,,,,,,,
DEU,2012,14.131,1.534,670.593,53932.99,80425823.0,-0.010919017288444133,-0.003896103896103953,0.027839001885259673,0.029770222941580826,0.0018790411951878916,TOTAL_SPEND,0.029770222941580826
DEU,2013,14.005,1.54,693.51,55928.53,80645605.0,-0.008916566414266414,0.003911342894393766,0.034174230867306976,0.03700035914938149,0.002732729262838962,TOTAL_SPEND,0.03700035914938149
DEU,2014,14.355,1.583,739.786,59909.72,80982500.0,0.02499107461620853,0.027922077922077904,0.06672722815820964,0.07118352654718452,0.004177475015532561,TOTAL_SPEND,0.07118352654718452
DEU,2015,14.369,1.608,761.448,62200.11,81686611.0,0.0009752699407872267,0.01579279848389148,0.02928144084911044,0.03823069111322841,0.008694606859506626,TOTAL_SPEND,0.03823069111322841
DEU,2016,14.443,1.624,819.478,67482.92,82348669.0,0.005149975642007032,0.00995024875621886,0.07621006293272803,0.08493248645380214,0.008104853315557436,TOTAL_SPEND,0.08493248645380214
DEU,2017,14.224,1.612,850.084,70265.39,82657002.0,-0.015163054767015072,-0.007389162561576401,0.03734816553952647,0.04123221105429353,0.003744237809113926,TOTAL_SPEND,0.04123221105429353
DEU,2018,14.179,1.628,891.861,73940.43,82905782.0,-0.0031636670416197443,0.009925558312654958,0.04914455512631699,0.05230227854709124,0.0030097873619949755,TOTAL_SPEND,0.05230227854709124
DEU,2019,13.714,1.607,880.199,73138.34,83092962.0,-0.03279497848931512,-0.012899262899262798,-0.013076028663659534,-0.010847786522204417,0.002257743615517782,POPULATION,0.002257743615517782
DEU,2020,13.644,1.732,947.679,78809.81,83160871.0,-0.0051042730056876096,0.07778469197261972,0.07666448155473926,0.07754441787986988,0.0008172653659885842,PC_GDP,0.07778469197261972
DNK,2011,7.679,0.798,327.597,1824.9,5570572.0,,,,,,,
DNK,2012,7.231,0.76,320.08,1789.75,5591572.0,-0.058340929808568864,-0.04761904761904767,-0.02294587557273109,-0.019261329387911696,0.003769810353407177,POPULATION,0.003769810353407177
DNK,2013,6.831,0.704,308.592,1732.72,5614932.0,-0.05531738348776094,-0.07368421052631591,-0.035891027243189155,-0.031864785584578836,0.0041777160340599195,POPULATION,0.0041777160340599195
DNK,2014,6.771,0.697,310.753,1753.73,5643475.0,-0.00878348704435672,-0.009943181818181879,0.007002773889148051,0.012125444388014106,0.0050834097367520314,TOTAL_SPEND,0.012125444388014106
DNK,2015,6.711,0.693,316.719,1800.07,5683483.0,-0.00886132033673015,-0.0057388809182209455,0.01919852744784456,0.026423679813882384,0.007089249088549243,TOTAL_SPEND,0.026423679813882384
DNK,2016,6.576,0.673,321.823,1843.41,5728010.0,-0.020116227089852612,-0.028860028860028697,0.016115231482797032,0.02407684145616562,0.007834456441586868,TOTAL_SPEND,0.02407684145616562
DNK,2017,6.508,0.657,332.76,1918.35,5764980.0,-0.01034063260340623,-0.02377414561664193,0.0339845194408106,0.04065292040294888,0.006454248508644289,TOTAL_SPEND,0.04065292040294888
DNK,2018,6.436,0.65,341.553,1978.83,5793636.0,-0.011063306699446884,-0.010654490106544956,0.026424450054093107,0.03152709359605921,0.004970702413538364,TOTAL_SPEND,0.03152709359605921
DNK,2019,6.601,0.67,353.819,2057.25,5814422.0,0.02563704164077074,0.030769230769230882,0.035912435258949715,0.03962947802489358,0.003587729708942611,TOTAL_SPEND,0.03962947802489358
DNK,2020,6.53,0.69,372.045,2169.54,5831404.0,-0.010755946068777389,0.02985074626865658,0.051512213872064505,0.05458257382428,0.0029206686408382865,TOTAL_SPEND,0.05458257382428
ESP,2011,16.328,1.497,446.39,20865.47,46742697.0,,,,,,,
ESP,2012,15.808,1.447,431.254,20171.07,46773055.0,-0.031847133757961776,-0.0334001336005344,-0.03390756961401453,-0.0332798638132763,0.0006494704402699725,POPULATION,0.0006494704402699725
ESP,2013,16.278,1.475,449.956,20976.97,46620045.0,0.029731781376518107,0.01935038009675183,0.04336655428123559,0.03995325979236597,-0.003271327904495469,USD_CAP,0.04336655428123559
ESP,2014,15.61,1.418,446.084,20734.38,46480882.0,-0.04103698243027398,-0.038644067796610226,-0.008605285850172062,-0.01156458725926579,-0.0029850464537303223,POPULATION,-0.0029850464537303223
ESP,2015,15.298,1.395,461.926,21454.08,46444832.0,-0.019987187700192144,-0.016220028208744686,0.03551349073268706,0.0347104663848159,-0.0007755876921612392,USD_CAP,0.03551349073268706
ESP,2016,15.875,1.42,499.864,23235.71,46484062.0,0.037717348673029116,0.017921146953404854,0.08213003814463793,0.08304387790107981,0.0008446580235235146,TOTAL_SPEND,0.08304387790107981
ESP,2017,15.386,1.376,510.509,23786.27,46593236.0,-0.030803149606299263,-0.030985915492957816,0.021295792455547913,0.023694563239083255,0.002348632957248853,TOTAL_SPEND,0.023694563239083255
ESP,2018,15.217,1.369,521.52,24405.96,46797754.0,-0.010984011438970431,-0.005087209302325535,0.021568669700240184,0.02605242436077604,0.00438943541075365,TOTAL_SPEND,0.02605242436077604
ESP,2019,14.749,1.349,520.4,24528.97,47134837.0,-0.03075507655911147,-0.014609203798393033,-0.0021475686454978105,0.0050401623210070134,0.0072029738863108594,POPULATION,0.0072029738863108594
ESP,2020,15.081,1.621,560.405,26543.95,47365655.0,0.0225100006780119,0.2016308376575242,0.07687355880092239,0.08214694705892667,0.004896972487673956,PC_GDP,0.2016308376575242
EST,2011,19.024,1.156,278.915,370.24,1327439.0,,,,,,,
EST,2012,19.285,1.175,305.288,403.8,1322696.0,0.013719512195121908,0.016435986159169635,0.09455568900919631,0.09064390665514255,-0.0035730455410757367,USD_CAP,0.09455568900919631
EST,2013,18.514,1.163,316.199,416.75,1317997.0,-0.039979258491055214,-0.010212765957446801,0.035740022536097094,0.03207033184744912,-0.0035525925836321637,USD_CAP,0.035740022536097094
EST,2014,17.994,1.145,327.705,430.78,1314545.0,-0.02808685319217885,-0.015477214101461745,0.036388476876903386,0.03366526694661065,-0.002619125840195413,USD_CAP,0.036388476876903386
EST,2015,17.538,1.165,340.315,447.65,1315407.0,-0.025341780593531205,0.017467248908296984,0.038479730245190025,0.039161520961976004,0.0006557401990803235,TOTAL_SPEND,0.039161520961976004
EST,2016,18.406,1.234,385.885,507.74,1315790.0,0.04949253050518876,0.05922746781115884,0.1339053523941054,0.1342343348598236,0.0002911646357364184,TOTAL_SPEND,0.1342343348598236
EST,2017,17.555,1.158,386.474,509.13,1317384.0,-0.04623492339454516,-0.06158833063209079,0.0015263614807521364,0.0027376216173631285,0.0012114395154241286,TOTAL_SPEND,0.0027376216173631285
EST,2018,17.374,1.163,410.725,542.97,1321977.0,-0.010310452862432373,0.0043177892918826455,0.0627493699446795,0.06646632490719462,0.0034864549744038076,TOTAL_SPEND,0.06646632490719462
EST,2019,16.6,1.132,407.201,540.31,1326898.0,-0.044549326579946924,-0.026655202063628702,-0.008579950088258514,-0.0048989815275246595,0.0037224550805345924,POPULATION,0.0037224550805345924
EST,2020,15.45,1.171,421.946,560.99,1329522.0,-0.06927710843373502,0.03445229681978801,0.0362106183432751,0.038274323999185844,0.0019775446191041546,TOTAL_SPEND,0.038274323999185844
FIN,2011,12.463,1.15,448.472,2416.49,5388272.0,,,,,,,
FIN,2012,12.158,1.165,460.321,2492.16,5413971.0,-0.024472438417716402,0.013043478260869712,0.026420824488485373,0.03131401330028272,0.004769432575044474,TOTAL_SPEND,0.03131401330028272
FIN,2013,12.014,1.178,472.552,2570.2,5438972.0,-0.011844053298239898,0.011158798283261717,0.02657058878478269,0.03131420133538776,0.004617867365746875,TOTAL_SPEND,0.03131420133538776
FIN,2014,11.811,1.155,467.218,2551.72,5461512.0,-0.016896953554186744,-0.01952461799660432,-0.011287646650527394,-0.007190101937592397,0.004144165478329409,POPULATION,0.004144165478329409
FIN,2015,12.136,1.171,484.533,2655.01,5479531.0,0.027516721700109992,0.013852813852813783,0.03705978793625242,0.040478579154452854,0.0032992695063198685,TOTAL_SPEND,0.040478579154452854
FIN,2016,12.574,1.179,515.993,2835.54,5495303.0,0.0360909690177984,0.0068317677198974636,0.06492849816214785,0.06799597741628083,0.0028783485301935308,TOTAL_SPEND,0.06799597741628083
FIN,2017,12.24,1.117,515.952,2841.97,5508214.0,-0.02656274852870999,-0.052586938083121315,-7.945844226575627e-05,0.002267645668902585,0.002349460985135776,POPULATION,0.002349460985135776
FIN,2018,12.396,1.121,536.801,2960.74,5515525.0,0.012745098039215641,0.0035810205908684,0.040408797717617295,0.041791433407108336,0.0013272904792733797,TOTAL_SPEND,0.041791433407108336
FIN,2019,12.361,1.134,541.881,2992.05,5521606.0,-0.0028234914488545204,0.011596788581623496,0.00946346970292522,0.010575058937968285,0.001102524238399738,PC_GDP,0.011596788581623496
FIN,2020,12.294,1.184,567.335,3137.1,5529543.0,-0.005420273440660206,0.04409171075837737,0.04697341298181712,0.04847846794004096,0.0014374441059359366,TOTAL_SPEND,0.04847846794004096
FRA,2011,14.966,1.674,622.837,40696.69,65340830.0,,,,,,,
FRA,2012,14.416,1.629,619.827,40696.39,65657659.0,-0.03674996659093943,-0.026881720430107503,-0.004832725095008761,-7.371606880135495e-06,0.004848867086628683,POPULATION,0.004848867086628683
FRA,2013,14.896,1.698,676.497,44647.4,65997932.0,0.03329633740288562,0.0423572744014733,0.09142873737349277,0.09708502400335761,0.005182533236526066,TOTAL_SPEND,0.09708502400335761
FRA,2014,14.696,1.696,680.255,45109.12,66312067.0,-0.013426423200859405,-0.0011778563015312216,0.005555087457889796,0.010341475651437726,0.004759770351592252,TOTAL_SPEND,0.010341475651437726
FRA,2015,14.419,1.651,673.38,44812.28,66548272.0,-0.018848666303756034,-0.026533018867924474,-0.010106504178580056,-0.006580487493438203,0.003562021373877622,POPULATION,0.003562021373877622
FRA,2016,14.129,1.621,695.401,46400.01,66724104.0,-0.020112351758097002,-0.018170805572380377,0.032702188957201006,0.03543068998051435,0.002642172286607236,TOTAL_SPEND,0.03543068998051435
FRA,2017,14.092,1.6,705.241,47193.33,66918020.0,-0.002618727440016899,-0.012954966070326868,0.014150109073757466,0.01709741010831678,0.0029062361032228257,TOTAL_SPEND,0.01709741010831678
FRA,2018,13.704,1.536,698.524,46911.72,67158348.0,-0.027533352256599475,-0.040000000000000036,-0.009524403714474938,-0.005967156799488449,0.0035913794221646977,POPULATION,0.0035913794221646977
FRA,2019,13.496,1.497,696.842,46954.65,67382061.0,-0.015178050204319948,-0.025390625,-0.0024079344446289452,0.0009151231291455453,0.0033311272040223994,POPULATION,0.0033311272040223994
FRA,2020,13.64,1.655,743.835,50284.07,67601110.0,0.010669828097213951,0.10554442217768867,0.06743709477901749,0.07090714125225084,0.0032508504006727446,PC_GDP,0.10554442217768867
GBR,2013,12.301,1.214,449.818,28846.05,64128273.0,,,,,,,
GBR,2014,12.181,1.201,456.257,29475.25,64602298.0,-0.009755304446793067,-0.010708401976935678,0.014314678381034174,0.021812345191109417,0.0073918254433578134,TOTAL_SPEND,0.021812345191109417
GBR,2015,12.076,1.183,458.246,29839.25,65116219.0,-0.008619981939085308,-0.014987510407993399,0.004359385171076813,0.012349343941103097,0.00795515044991113,TOTAL_SPEND,0.012349343941103097
GBR,2016,11.964,1.164,471.393,30928.85,65611593.0,-0.00927459423650212,-0.016060862214708482,0.02868983035312911,0.036515663094749407,0.007607536303666507,TOTAL_SPEND,0.036515663094749407
GBR,2017,11.753,1.128,474.684,31357.08,66058859.0,-0.017636242059511864,-0.030927835051546393,0.006981435871979524,0.013845648965286506,0.0068168745727603675,TOTAL_SPEND,0.013845648965286506
GBR,2018,11.253,1.095,471.311,31323.49,66460344.0,-0.04254232961796989,-0.029255319148936088,-0.007105779845118065,-0.0010712094365930014,0.0060776859618481005,POPULATION,0.0060776859618481005
GBR,2019,10.976,1.093,481.75,32198.4,66836327.0,-0.02461565804674304,-0.0018264840182647957,0.02214885712406467,0.027931434204809147,0.005657253293783748,TOTAL_SPEND,0.027931434204809147
GBR,2020,10.579,1.286,528.752,35469.34,67081234.0,-0.03616982507288635,0.17657822506861853,0.09756512714063303,0.10158703538063985,0.0036642797561272644,PC_GDP,0.17657822506861853
GRC,2011,30.981,2.848,709.328,7877.02,11104899.0,,,,,,,
GRC,2012,29.002,2.588,622.251,6872.77,11045011.0,-0.06387786062425371,-0.09129213483146059,-0.12275985157783142,-0.1274911070430188,-0.005392935136105281,POPULATION,-0.005392935136105281
GRC,2013,27.424,2.314,572.577,6278.43,10965211.0,-0.05441004068684918,-0.10587326120556417,-0.07982952217031392,-0.08647750470334381,-0.0072249814871166995,POPULATION,-0.0072249814871166995
GRC,2014,28.242,2.229,567.977,6186.64,10892413.0,0.029827887981330292,-0.03673292999135691,-0.00803385396199996,-0.014619897012469685,-0.006638996732484248,PC_HEALTHXP,0.029827887981330292
GRC,2015,27.234,2.239,578.16,6256.2,10820883.0,-0.035691523263225,0.004486316733961271,0.017928542881137766,0.011243582946478092,-0.006566956284158487,USD_CAP,0.017928542881137766
GRC,2016,27.953,2.362,631.254,6802.37,10775971.0,0.02640082250128506,0.05493523894595809,0.09183271066832721,0.08730059780697541,-0.0041504930789844074,USD_CAP,0.09183271066832721
GRC,2017,28.75,2.339,647.113,6959.49,10754679.0,0.0285121453868995,-0.009737510584250653,0.02512300912152643,0.023097832079113534,-0.0019758776262482902,PC_HEALTHXP,0.0285121453868995
GRC,2018,27.342,2.22,632.89,6792.73,10732882.0,-0.04897391304347831,-0.05087644292432658,-0.021979159744897836,-0.023961525916410542,-0.002026745754103887,POPULATION,-0.002026745754103887
GRC,2019,28.35,2.324,666.093,7141.57,10721582.0,0.03686635944700467,0.04684684684684659,0.05246251323294726,0.051354904434594006,-0.0010528393026215666,USD_CAP,0.05246251323294726
GRC,2020,30.198,2.87,750.761,8032.09,10698599.0,0.06518518518518523,0.2349397590361446,0.12711137934192385,0.12469527008766979,-0.0021436202232095747,PC_GDP,0.2349397590361446
HRV,2011,29.869,2.23,449.42,1923.8,4280622.0,,,,,,,
HRV,2012,30.083,2.255,465.814,1984.54,4260368.0,0.0071646188355820595,0.011210762331838486,0.03647812736415834,0.03157292857885441,-0.00473155536742087,USD_CAP,0.03647812736415834
HRV,2013,25.348,1.629,349.071,1477.94,4233922.0,-0.15739786590433136,-0.2776053215077605,-0.2506214926988025,-0.25527326231771585,-0.006207444990667499,POPULATION,-0.006207444990667499
HRV,2014,22.065,1.459,318.187,1336.89,4201598.0,-0.1295171216664036,-0.10435850214855735,-0.08847483749724272,-0.09543689189006321,-0.007634528930858919,POPULATION,-0.007634528930858919
HRV,2015,21.073,1.41,320.895,1332.27,4151725.0,-0.04495807840471333,-0.03358464701850594,0.008510718539726625,-0.003455781702309202,-0.011870007554268591,USD_CAP,0.008510718539726625
HRV,2016,21.665,1.457,362.974,1490.69,4106867.0,0.028092820196459867,0.03333333333333344,0.13113012044438221,0.11890983058989546,-0.010804665530592672,USD_CAP,0.13113012044438221
HRV,2017,21.589,1.437,380.543,1537.93,4041407.0,-0.0035079621509347403,-0.013726835964310236,0.04840291591133261,0.03169002274114674,-0.015939157513501168,USD_CAP,0.04840291591133261
HRV,2018,20.505,1.384,385.931,1539.39,3988775.0,-0.05021075547732645,-0.0368823938761309,0.014158715309439351,0.000949327992821436,-0.013023187221677945,USD_CAP,0.014158715309439351
HRV,2019,20.239,1.377,413.623,1633.56,3949390.0,-0.012972445744940164,-0.005057803468208055,0.07175375909165105,0.061173581743417804,-0.009873958796873694,USD_CAP,0.07175375909165105
HRV,2020,20.866,1.613,450.481,1763.28,3914206.0,0.030979791491674513,0.17138707334785774,0.08911013168996895,0.07940938808491893,-0.008908717548785972,PC_GDP,0.17138707334785774
HUN,2011,35.001,2.619,614.461,6127.24,9971727.0,,,,,,,
HUN,2012,32.579,2.414,575.517,5709.34,9920362.0,-0.06919802291363097,-0.07827415043909891,-0.063379124142948,-0.06820362838733263,-0.005151063602122252,POPULATION,-0.005151063602122252
HUN,2013,30.293,2.192,551.813,5459.13,9893082.0,-0.07016789956720593,-0.09196354598177292,-0.04118731505759177,-0.04382468026076569,-0.0027498996508393825,POPULATION,-0.0027498996508393825
HUN,2014,30.112,2.122,561.219,5537.25,9866468.0,-0.005974977717624563,-0.03193430656934315,0.017045629588284594,0.014309972468140586,-0.002690162681356578,USD_CAP,0.017045629588284594
HUN,2015,29.8,2.043,563.595,5547.48,9843028.0,-0.010361317747077492,-0.03722902921771898,0.004233641412710432,0.001847487471217546,-0.0023757235111896424,USD_CAP,0.004233641412710432
HUN,2016,29.474,2.06,589.379,5784.18,9814023.0,-0.010939597315436256,0.008321096426823216,0.045749163849927665,0.04266802223712407,-0.0029467558153852824,USD_CAP,0.045749163849927665
HUN,2017,27.751,1.871,554.629,5428.69,9787966.0,-0.058458302232476056,-0.09174757281553403,-0.05896036336550847,-0.06145901406941012,-0.0026550783506417153,POPULATION,-0.0026550783506417153
HUN,2018,26.762,1.761,563.842,5511.87,9775564.0,-0.035638355374581154,-0.05879208979155537,0.01661110399924981,0.015322296907725574,-0.001267066109547188,USD_CAP,0.01661110399924981
HUN,2019,27.435,1.723,574.811,5616.56,9771141.0,0.02514759733951122,-0.021578648495173103,0.019454031448526532,0.01899355391183044,-0.00045245471258748005,PC_HEALTHXP,0.02514759733951122
HUN,2020,25.663,1.87,621.505,6059.77,9750149.0,-0.06458902861308546,0.08531630876378404,0.081233657671826,0.07891129089691917,-0.0021483673196405206,PC_GDP,0.08531630876378404
IRL,2011,14.047,1.49,588.288,2694.41,4580084.0,,,,,,,
IRL,2012,14.169,1.502,616.252,2834.47,4599533.0,0.008685128497188055,0.008053691275167862,0.04753454090513487,0.051981695436106534,0.004246428668120528,TOTAL_SPEND,0.051981695436106534
IRL,2013,13.256,1.362,568.401,2628.18,4623816.0,-0.06443644576187457,-0.09320905459387474,-0.07764842953856543,-0.07277903805649732,0.005279449022324689,POPULATION,0.005279449022324689
IRL,2014,12.95,1.232,542.059,2524.77,4657740.0,-0.023083886541943377,-0.09544787077826733,-0.04634404232223377,-0.03934662009451406,0.007336797138986606,POPULATION,0.007336797138986606
IRL,2015,12.717,0.933,548.009,2576.71,4701957.0,-0.017992277992277872,-0.24269480519480513,0.010976664901791278,0.020572170930421407,0.009493230622576565,TOTAL_SPEND,0.020572170930421407
IRL,2016,12.705,0.949,578.508,2751.0,4755335.0,-0.0009436187780137439,0.017148981779206762,0.0556541954602936,0.06764051833539675,0.011352294374448846,TOTAL_SPEND,0.06764051833539675
IRL,2017,12.59,0.897,589.555,2834.22,4807388.0,-0.009051554506099957,-0.05479452054794509,0.019095673698548588,0.030250817884405645,0.01094623196893596,TOTAL_SPEND,0.030250817884405645
IRL,2018,12.161,0.836,593.089,2886.75,4867316.0,-0.03407466243050039,-0.06800445930880716,0.005994351672024001,0.018534199885682945,0.012465813036101947,TOTAL_SPEND,0.018534199885682945
IRL,2019,11.5,0.772,572.237,2823.61,4934340.0,-0.054354082723460206,-0.07655502392344493,-0.035158298332965354,-0.021872347795964253,0.013770217507965476,POPULATION,0.013770217507965476
IRL,2020,11.376,0.809,611.829,3050.2,4985382.0,-0.010782608695652174,0.04792746113989632,0.06918811611272946,0.08024833457878389,0.01034424056712746,TOTAL_SPEND,0.08024833457878389
ISL,2011,15.622,1.281,517.476,165.08,319014.0,,,,,,,
ISL,2012,14.994,1.227,509.66,163.46,320716.0,-0.0401997183459224,-0.042154566744730504,-0.015104082121682905,-0.009813423794523879,0.0053351890512642886,POPULATION,0.0053351890512642886
ISL,2013,13.901,1.136,486.27,157.44,323764.0,-0.07289582499666536,-0.07416462917685429,-0.04589334065847828,-0.036828581916065195,0.009503735392060175,POPULATION,0.009503735392060175
ISL,2014,12.971,1.067,466.895,152.85,327386.0,-0.06690166175095313,-0.06073943661971826,-0.03984411952207623,-0.029153963414634165,0.011187161018519687,POPULATION,0.011187161018519687
ISL,2015,12.644,1.02,472.054,156.16,330815.0,-0.025210084033613467,-0.04404873477038418,0.011049593591706985,0.021655217533529614,0.010473874875529088,TOTAL_SPEND,0.021655217533529614
ISL,2016,11.588,0.938,455.666,152.85,335439.0,-0.08351787409047773,-0.08039215686274515,-0.034716367195278486,-0.021196209016393408,0.013977600773846355,POPULATION,0.013977600773846355
ISL,2017,10.95,0.905,450.201,154.6,343400.0,-0.05505695547117706,-0.03518123667377393,-0.011993433787028218,0.011449133137062528,0.023733078145355746,POPULATION,0.023733078145355746
ISL,2018,10.759,0.901,455.714,160.74,352721.0,-0.017442922374429126,-0.0044198895027623974,0.012245641391289697,0.03971539456662354,0.027143273150844527,TOTAL_SPEND,0.03971539456662354
ISL,2019,11.082,0.951,478.53,172.54,360563.0,0.03002137745143596,0.05549389567147611,0.05006648906989897,0.07341047654597466,0.022232869605155248,TOTAL_SPEND,0.07341047654597466
ISL,2020,11.426,1.099,529.272,193.96,366463.0,0.03104132828009387,0.1556256572029442,0.10603723904457407,0.12414512576793801,0.016363298508166313,PC_GDP,0.1556256572029442
ISR,2011,13.436,0.919,279.705,2172.13,7765800.0,,,,,,,
ISR,2012,13.25,0.924,294.604,2330.46,7910500.0,-0.01384340577552845,0.005440696409140466,0.05326683470084559,0.07289158567857346,0.01863298050426221,TOTAL_SPEND,0.07289158567857346
ISR,2013,12.957,0.902,290.03,2337.5,8059500.0,-0.022113207547169722,-0.023809523809523836,-0.015525926328223694,0.00302086283394698,0.018835724669742815,POPULATION,0.018835724669742815
ISR,2014,12.858,0.906,287.708,2363.72,8215700.0,-0.00764065755962029,0.0044345898004434225,-0.008006068337757966,0.011217112299465093,0.019380854891742683,POPULATION,0.019380854891742683
ISR,2015,13.401,0.941,309.568,2594.21,8380100.0,0.04223051796546895,0.03863134657836631,0.07597981286582223,0.09751154959132236,0.020010467762941575,TOTAL_SPEND,0.09751154959132236
ISR,2016,13.062,0.927,329.683,2817.47,8546000.0,-0.025296619655249653,-0.014877789585547196,0.06497764626834823,0.0860608817327817,0.01979689979833177,TOTAL_SPEND,0.0860608817327817
ISR,2017,12.706,0.912,333.69,2907.54,8713300.0,-0.027254631756239434,-0.016181229773462813,0.012154099544107622,0.03196839717902944,0.019576410016381995,TOTAL_SPEND,0.03196839717902944
ISR,2018,13.247,0.957,364.146,3234.64,8882800.0,0.04257830946009755,0.04934210526315774,0.09127034073541318,0.11250060188337896,0.0194530200957157,TOTAL_SPEND,0.11250060188337896
ISR,2019,13.316,0.955,360.875,3267.36,9054000.0,0.005208726504114303,-0.002089864158829724,-0.00898266080088761,0.010115499715579013,0.019273202143468282,POPULATION,0.019273202143468282
ISR,2020,15.707,1.211,451.622,4161.74,9215100.0,0.17955842595373994,0.2680628272251311,0.25146380325597506,0.2737316977621076,0.017793240556660095,TOTAL_SPEND,0.2737316977621076
ITA,2011,18.544,1.627,574.551,34116.52,59379449.0,,,,,,,
ITA,2012,16.633,1.461,510.916,30419.79,59539717.0,-0.10305220017256267,-0.10202827289489858,-0.11075605124697385,-0.10835601051924393,0.002699048285207173,POPULATION,0.002699048285207173
ITA,2013,17.063,1.497,519.224,31274.91,60233948.0,0.025852221487404625,0.024640657084188833,0.016260990064903114,0.028110647706640846,0.011659964725730942,TOTAL_SPEND,0.028110647706640846
ITA,2014,17.007,1.508,516.479,31396.31,60789140.0,-0.003281955107542478,0.007348029392117539,-0.005286735590034342,0.003881705814660963,0.009217260671673166,POPULATION,0.009217260671673166
ITA,2015,17.861,1.582,551.703,33505.24,60730582.0,0.050214617510436765,0.049071618037135334,0.0682002559639403,0.06717126948994956,-0.0009632970626003434,USD_CAP,0.0682002559639403
ITA,2016,17.647,1.54,577.766,35028.51,60627498.0,-0.01198141201500491,-0.026548672566371723,0.04724099742071375,0.04546363494187777,-0.0016973985199087993,USD_CAP,0.04724099742071375
ITA,2017,17.609,1.528,594.489,35988.41,60536709.0,-0.0021533405111348047,-0.007792207792207795,0.02894424386343264,0.027403392265328952,-0.0014974888127495811,USD_CAP,0.02894424386343264
ITA,2018,17.896,1.554,625.637,37802.09,60421760.0,0.016298483729910718,0.017015706806282838,0.05239457752792709,0.05039622478459016,-0.00189883133554547,USD_CAP,0.05239457752792709
ITA,2019,18.267,1.581,651.265,38899.46,59729081.0,0.02073088958426461,0.01737451737451723,0.040963050458972194,0.029029347319156296,-0.011464065263904977,USD_CAP,0.040963050458972194
ITA,2020,17.655,1.699,662.612,39384.9,59438851.0,-0.03350303826572498,0.07463630613535743,0.017423015208862802,0.012479350613093354,-0.0048591070738222,PC_GDP,0.07463630613535743
JPN,2011,18.911,1.983,707.419,90431.49,127833000.0,,,,,,,
JPN,2012,18.887,2.016,749.96,95716.64,127629000.0,-0.0012691026386759674,0.016641452344931862,0.06013550667991674,0.05844369035609165,-0.0015958320621435318,USD_CAP,0.06013550667991674
JPN,2013,18.854,2.013,812.268,103519.5,127445000.0,-0.0017472335468842193,-0.0014880952380953438,0.08308176436076598,0.08152041275163868,-0.0014416786153617078,USD_CAP,0.08308176436076598
JPN,2014,18.803,2.017,813.859,103584.72,127276000.0,-0.002704996287259953,0.001987083954297031,0.0019587131340887964,0.0006300262269427481,-0.001326062222919644,PC_GDP,0.001987083954297031
JPN,2015,19.735,2.121,891.136,113299.92,127141000.0,0.04956655852789438,0.05156172533465542,0.09495133677946654,0.09378989488024869,-0.0010606870109054478,USD_CAP,0.09495133677946654
JPN,2016,18.569,1.979,797.703,101368.91,127076000.0,-0.05908284773245509,-0.06694955209806686,-0.10484707160298767,-0.10530466393974502,-0.0005112434226567375,POPULATION,-0.0005112434226567375
JPN,2017,18.272,1.947,806.324,102380.57,126972000.0,-0.015994399267596604,-0.016169782718544745,0.010807280403859476,0.00997998301451597,-0.0008184078818974649,USD_CAP,0.010807280403859476
JPN,2018,17.796,1.911,810.493,102779.43,126811000.0,-0.0260507880910682,-0.018489984591679498,0.005170378160640254,0.0038958564110356253,-0.001267996093626933,USD_CAP,0.005170378160640254
JPN,2019,20.7,2.271,954.452,120865.12,126633000.0,0.1631827376938637,0.18838304552590257,0.17761905408189826,0.17596604690257567,-0.0014036637200243174,PC_GDP,0.18838304552590257
JPN,2020,18.096,1.991,835.93,105545.36,126261000.0,-0.12579710144927536,-0.12329370321444288,-0.12417806238553641,-0.1267508773416185,-0.0029376228945061644,POPULATION,-0.0029376228945061644
KOR,2011,24.661,1.459,477.438,23841.65,49936638.0,,,,,,,
KOR,2012,23.782,1.435,484.619,24327.8,50199853.0,-0.03564332346620169,-0.016449623029472282,0.015040696383614272,0.020390786711490083,0.005270979596183389,TOTAL_SPEND,0.020390786711490083
KOR,2013,22.588,1.389,473.375,23871.78,50428893.0,-0.05020603818013625,-0.03205574912891984,-0.023201731669620917,-0.018744810463749317,0.004562563161290445,POPULATION,0.004562563161290445
KOR,2014,21.747,1.393,480.067,24361.8,50746659.0,-0.037232158668319526,0.0028797696184306165,0.014136783733826208,0.020527166386419493,0.006301268600125809,TOTAL_SPEND,0.020527166386419493
KOR,2015,21.061,1.388,519.359,26495.07,51014947.0,-0.031544580861728067,-0.003589375448671994,0.08184690886897039,0.08756618969041696,0.005286811098244026,TOTAL_SPEND,0.08756618969041696
KOR,2016,20.976,1.441,554.942,28422.91,51217803.0,-0.004035895731446804,0.03818443804034599,0.06851330197416416,0.07276221576315889,0.003976403229430048,TOTAL_SPEND,0.07276221576315889
KOR,2017,20.608,1.452,574.407,29502.64,51361911.0,-0.01754385964912275,0.007633587786259444,0.03507573764465488,0.03798801741271385,0.002813631033724784,TOTAL_SPEND,0.03798801741271385
KOR,2018,20.16,1.51,618.331,31896.64,51585058.0,-0.021739130434782594,0.039944903581267344,0.07646842743908056,0.08114528055794334,0.00434460080739596,TOTAL_SPEND,0.08114528055794334
KOR,2019,19.503,1.594,641.797,33222.51,51764822.0,-0.032589285714285765,0.05562913907284783,0.037950547522281664,0.04156770117479458,0.003484807558033598,PC_GDP,0.05562913907284783
KOR,2020,20.123,1.68,722.445,37448.83,51836239.0,0.03178998102855979,0.05395232120451676,0.1256596712044462,0.12721254354351919,0.001379643496117966,TOTAL_SPEND,0.12721254354351919
LTU,2011,26.038,1.689,386.597,1170.66,3028115.0,,,,,,,
LTU,2012,28.942,1.816,453.815,1355.9,2987773.0,0.11152930332590838,0.07519242155121364,0.1738709819269162,0.15823552525925555,-0.013322479496320372,USD_CAP,0.1738709819269162
LTU,2013,28.173,1.726,468.395,1385.37,2957689.0,-0.026570382143597637,-0.04955947136563876,0.032127629099963695,0.021734641197728388,-0.010069038042716083,USD_CAP,0.032127629099963695
LTU,2014,27.836,1.724,495.942,1454.28,2932367.0,-0.011961807404252345,-0.0011587485515642815,0.05881147322238722,0.04974122436605399,-0.008561413995859635,USD_CAP,0.05881147322238722
LTU,2015,26.869,1.744,515.108,1496.34,2904910.0,-0.03473918666475062,0.011600928074245953,0.03864564807981563,0.028921528178892597,-0.009363425519384183,USD_CAP,0.03864564807981563
LTU,2016,27.189,1.805,570.369,1635.95,2868231.0,0.011909635639584693,0.03497706422018343,0.1072804149809361,0.09330098774342743,-0.012626552974102423,USD_CAP,0.1072804149809361
LTU,2017,24.005,1.552,535.543,1514.73,2828403.0,-0.11710618264739425,-0.1401662049861495,-0.06105871812808905,-0.07409761912038881,-0.013885910862827977,POPULATION,-0.013885910862827977
LTU,2018,22.054,1.44,528.595,1480.88,2801543.0,-0.08127473443032707,-0.07216494845360832,-0.012973748139738506,-0.022347216995768138,-0.009496525070861517,POPULATION,-0.009496525070861517
LTU,2019,22.458,1.57,602.343,1683.03,2794137.0,0.018318672349687093,0.0902777777777779,0.13951702153822865,0.13650667170871356,-0.0026435432188618435,USD_CAP,0.13951702153822865
LTU,2020,21.624,1.618,622.44,1739.65,2794885.0,-0.037135987176061924,0.030573248407643305,0.03336471080430936,0.033641705733112426,0.0002677034089595409,TOTAL_SPEND,0.033641705733112426
LUX,2011,8.877,0.528,428.823,222.28,518347.0,,,,,,,
LUX,2012,12.526,0.663,554.233,294.27,530946.0,0.41106229582066,0.2556818181818181,0.2924516642064441,0.32387079359366555,0.024306111543039632,PC_HEALTHXP,0.41106229582066
LUX,2013,12.198,0.639,565.568,307.31,543360.0,-0.02618553408909463,-0.03619909502262442,0.02045168728675484,0.04431304584225382,0.0233809087929846,TOTAL_SPEND,0.04431304584225382
LUX,2014,11.697,0.612,550.605,306.31,556319.0,-0.041072306935563296,-0.04225352112676062,-0.02645658877447088,-0.003254043148612107,0.023849749705535883,POPULATION,0.023849749705535883
LUX,2015,11.681,0.594,548.094,312.2,569604.0,-0.0013678721039582786,-0.02941176470588236,-0.0045604380635845265,0.019228885769318582,0.023880183851351378,POPULATION,0.023880183851351378
LUX,2016,11.603,0.588,565.786,329.3,582014.0,-0.006677510487115734,-0.010101010101010055,0.03227913460099896,0.05477258167841126,0.021787066102063823,TOTAL_SPEND,0.05477258167841126
LUX,2017,11.433,0.587,570.39,340.14,596336.0,-0.014651383262949236,-0.00170068027210879,0.008137352285139787,0.032918311569996916,0.024607655485950453,TOTAL_SPEND,0.032918311569996916
LUX,2018,11.277,0.595,596.77,362.81,607950.0,-0.013644712673838932,0.013628620102214661,0.04624905766230114,0.06664902687128826,0.019475597649647236,TOTAL_SPEND,0.06664902687128826
LUX,2019,10.601,0.58,570.325,353.6,620001.0,-0.05994502083887543,-0.025210084033613467,-0.04431355463578923,-0.025385187839364942,0.019822353811991045,POPULATION,0.019822353811991045
LUX,2020,10.806,0.62,610.829,385.08,630419.0,0.01933779832091287,0.06896551724137945,0.07101915574453144,0.08902714932126687,0.016803198704518296,TOTAL_SPEND,0.08902714932126687
LVA,2011,26.092,1.494,281.155,579.1,2059709.0,,,,,,,
LVA,2012,25.519,1.381,295.051,600.23,2034319.0,-0.02196075425417754,-0.07563587684069606,0.049424694563497074,0.03648765325505088,-0.012326984054543577,USD_CAP,0.049424694563497074
LVA,2013,26.284,1.422,323.219,650.53,2012647.0,0.029977663701555635,0.029688631426502576,0.09546824108374485,0.08380120953634429,-0.01065319647508578,USD_CAP,0.09546824108374485
LVA,2014,26.97,1.473,346.969,691.78,1993782.0,0.026099528230101976,0.035864978902953704,0.07347959123690129,0.06340983505756848,-0.009373228390274102,USD_CAP,0.07347959123690129
LVA,2015,27.649,1.563,388.369,768.01,1977527.0,0.02517612161661109,0.06109979633401208,0.11931901697269787,0.11019399230969396,-0.008152847201950864,USD_CAP,0.11931901697269787
LVA,2016,28.286,1.735,456.477,894.48,1959537.0,0.02303880791348689,0.11004478566858622,0.17536930084532987,0.16467233499563805,-0.009097220922900218,USD_CAP,0.17536930084532987
LVA,2017,27.404,1.635,459.41,892.29,1942248.0,-0.031181503217139306,-0.057636887608069176,0.006425296345708764,-0.0024483498792595704,-0.008823002576629047,USD_CAP,0.006425296345708764
LVA,2018,26.487,1.639,492.906,949.92,1927174.0,-0.033462268282002716,0.0024464831804280607,0.07291090746827456,0.06458662542446958,-0.007761109806780575,USD_CAP,0.07291090746827456
LVA,2019,23.677,1.566,479.593,917.86,1913822.0,-0.1060897798920225,-0.044539353264185455,-0.02700920662357531,-0.03375021054404581,-0.006928279439220364,POPULATION,-0.006928279439220364
LVA,2020,22.889,1.657,509.939,969.11,1900449.0,-0.033281243400768656,0.058109833971902836,0.06327448482359,0.05583640206567453,-0.00698758818740719,USD_CAP,0.06327448482359
MEX,2011,22.593,1.247,206.052,23746.15,115243504.0,,,,,,,
MEX,2012,23.389,1.325,227.68,26597.17,116818208.0,0.03523215155136539,0.06255012028869267,0.10496379554675528,0.12006241011700824,0.013664145442852993,TOTAL_SPEND,0.12006241011700824
MEX,2013,22.564,1.311,226.219,26771.56,118343573.0,-0.03527299157723718,-0.010566037735849076,-0.006416900913562951,0.006556712612657778,0.013057596295262375,POPULATION,0.013057596295262375
MEX,2014,23.036,1.279,227.957,27305.66,119784261.0,0.020918276901258803,-0.024408848207475242,0.007682820629566933,0.01995027559096285,0.012173774743137189,PC_HEALTHXP,0.020918276901258803
MEX,2015,22.633,1.295,240.501,29118.01,121072306.0,-0.01749435665914234,0.012509773260359625,0.055027921932645274,0.06637268610244162,0.010753040418223225,TOTAL_SPEND,0.06637268610244162
MEX,2016,22.725,1.262,250.617,30638.27,122251351.0,0.004064861043608925,-0.025482625482625476,0.04206219516758769,0.05221029871203431,0.009738354202983412,TOTAL_SPEND,0.05221029871203431
MEX,2017,22.965,1.253,252.536,31162.96,123400057.0,0.010561056105610422,-0.007131537242472397,0.007657102271593663,0.017125314190389984,0.009396264258870968,TOTAL_SPEND,0.017125314190389984
MEX,2018,22.651,1.219,254.189,31665.27,124573711.0,-0.013672980622686737,-0.027134876296887267,0.006545601419203573,0.016118815414196908,0.009510968054091018,TOTAL_SPEND,0.016118815414196908
MEX,2019,22.155,1.207,247.519,31128.73,125762982.0,-0.021897487969625984,-0.009844134536505345,-0.02624031724425524,-0.01694411574573662,0.009546725311891935,POPULATION,0.009546725311891935
MEX,2020,21.516,1.339,263.922,33465.06,126799054.0,-0.02884224779959388,0.10936205468102722,0.06626966010690105,0.07505381684379664,0.008238290660124381,PC_GDP,0.10936205468102722
NLD,2011,9.341,0.956,426.645,7122.02,16693074.0,,,,,,,
NLD,2012,8.173,0.861,390.837,6548.46,16754962.0,-0.12504014559469,-0.09937238493723843,-0.08392926203283757,-0.08053333183563094,0.0037074058378943064,POPULATION,0.0037074058378943064
NLD,2013,7.668,0.812,377.565,6344.77,16804432.0,-0.06178881683592319,-0.05691056910569103,-0.03395789037373631,-0.03110502316575192,0.0029525581735130313,POPULATION,0.0029525581735130313
NLD,2014,7.518,0.794,370.976,6256.51,16865008.0,-0.019561815336463284,-0.022167487684729092,-0.017451299776197526,-0.013910669732709047,0.003604763314820847,POPULATION,0.003604763314820847
NLD,2015,7.732,0.798,380.966,6453.53,16939923.0,0.02846501729183304,0.005037783375314797,0.02692896575519721,0.03149039959977684,0.00444203762014217,TOTAL_SPEND,0.03149039959977684
NLD,2016,7.707,0.793,392.751,6688.67,17030314.0,-0.00323331608898092,-0.006265664160400974,0.03093451909094247,0.03643587308031426,0.005335974667653343,TOTAL_SPEND,0.03643587308031426
NLD,2017,7.583,0.767,398.395,6825.02,17131296.0,-0.016089269495264014,-0.032786885245901676,0.014370428082932873,0.020385218586056686,0.005929544223318484,TOTAL_SPEND,0.020385218586056686
NLD,2018,7.379,0.739,404.562,6971.26,17231624.0,-0.02690228141896356,-0.036505867014341664,0.015479611942921023,0.021427043437235227,0.005856416233774642,TOTAL_SPEND,0.021427043437235227
NLD,2019,7.299,0.74,411.939,7145.03,17344874.0,-0.010841577449518747,0.0013531799729364913,0.018234535126878004,0.02492662732418527,0.006572218613869474,TOTAL_SPEND,0.02492662732418527
NLD,2020,6.887,0.772,426.507,7438.92,17441500.0,-0.05644608850527477,0.043243243243243246,0.03536445930101295,0.04113208761894627,0.0055708677964452225,PC_GDP,0.043243243243243246
NOR,2011,7.998,0.699,397.13,1967.02,4953088.0,,,,,,,
NOR,2012,7.733,0.674,402.861,2021.79,5018573.0,-0.03313328332083032,-0.03576537911301847,0.01443104273159923,0.0278441500340616,0.013221045133863907,TOTAL_SPEND,0.0278441500340616
NOR,2013,7.589,0.673,416.312,2114.71,5079623.0,-0.018621492305702758,-0.0014836795252225476,0.0333886874132765,0.045959273712897986,0.01216481258716362,TOTAL_SPEND,0.045959273712897986
NOR,2014,7.49,0.695,427.469,2196.01,5137232.0,-0.013045196995651653,0.0326894502228825,0.02679961182958923,0.038444987728813995,0.011341195990332453,TOTAL_SPEND,0.038444987728813995
NOR,2015,7.676,0.773,439.572,2280.77,5188607.0,0.0248331108144193,0.11223021582733828,0.02831316422945296,0.03859727414720315,0.010000521681714947,PC_GDP,0.11223021582733828
NOR,2016,7.566,0.797,446.702,2338.27,5234519.0,-0.014330380406461729,0.031047865459249646,0.016220323405494508,0.025210784077307258,0.008848617750390364,PC_GDP,0.031047865459249646
NOR,2017,7.636,0.781,476.049,2512.1,5276968.0,0.009251916468411281,-0.020075282308657516,0.06569704187579184,0.0743412865066908,0.00810943660726049,TOTAL_SPEND,0.0743412865066908
NOR,2018,7.307,0.728,474.604,2521.06,5311916.0,-0.043085385018334144,-0.06786171574903976,-0.00303540181788009,0.003566736992954178,0.0066227424536211554,POPULATION,0.0066227424536211554
NOR,2019,6.995,0.73,453.009,2422.65,5347896.0,-0.04269878198987276,0.0027472527472527375,-0.045501091436228824,-0.03903516774690008,0.006773450483780197,POPULATION,0.006773450483780197
NOR,2020,7.182,0.808,472.666,2542.69,5379475.0,0.026733380986418975,0.10684931506849327,0.0433920738881568,0.049549047530596635,0.0059049390638861166,PC_GDP,0.10684931506849327
POL,2011,24.148,1.518,361.408,13756.36,38063255.0,,,,,,,
POL,2012,22.255,1.394,351.322,13372.43,38063164.0,-0.07839158522444922,-0.08168642951251659,-0.02790751726580487,-0.027909272511042138,-2.3907571751191625e-06,POPULATION,-2.3907571751191625e-06
POL,2013,21.704,1.406,362.625,13794.33,38040196.0,-0.02475848124017066,0.008608321377331363,0.03217276458633389,0.031549987549009284,-0.0006034180448056814,USD_CAP,0.03217276458633389
POL,2014,21.468,1.357,362.176,13766.94,38011735.0,-0.0108735716918541,-0.034850640113798015,-0.0012381937263012954,-0.0019855984306594854,-0.0007481822648863767,POPULATION,-0.0007481822648863767
POL,2015,21.213,1.359,385.842,14656.75,37986412.0,-0.011878144214645059,0.0014738393515107973,0.06534392118748888,0.06463382567222631,-0.0006661890071578691,USD_CAP,0.06534392118748888
POL,2016,20.983,1.379,411.073,15608.48,37970087.0,-0.01084240795738467,0.01471670345842524,0.06539205166881779,0.0649345864533406,-0.0004297589359057996,USD_CAP,0.06539205166881779
POL,2017,20.331,1.338,419.371,15925.54,37974826.0,-0.031072773197350245,-0.029731689630166702,0.020186195639217308,0.020313316863653785,0.00012480877381193523,TOTAL_SPEND,0.020313316863653785
POL,2018,20.794,1.313,438.06,16635.22,37974750.0,0.02277310511042252,-0.0186846038863977,0.04456435948122306,0.04456238218609854,-2.0013258257289834e-06,USD_CAP,0.04456435948122306
POL,2019,19.699,1.273,439.759,16695.66,37965475.0,-0.05265942098682308,-0.030464584920030457,0.0038784641373328377,0.0036332552259603634,-0.0002442412392444915,USD_CAP,0.0038784641373328377
POL,2020,19.735,1.282,451.159,17098.51,37899070.0,0.0018275039342097177,0.0070699135899450205,0.025923289801914162,0.024129025147852756,-0.0017490891395406383,USD_CAP,0.025923289801914162
PRT,2011,18.315,1.782,450.09,4751.85,10557560.0,,,,,,,
PRT,2012,17.091,1.65,413.738,4350.39,10514844.0,-0.06683046683046678,-0.07407407407407418,-0.08076606900842054,-0.08448499005650434,-0.004046010631244323,POPULATION,-0.004046010631244323
PRT,2013,16.062,1.511,402.222,4206.15,10457295.0,-0.06020712655783744,-0.08424242424242423,-0.027834039899646723,-0.03315564811430716,-0.005473119715328156,POPULATION,-0.005473119715328156
PRT,2014,15.89,1.485,403.211,4193.82,10401062.0,-0.010708504544888586,-0.017207147584381022,0.0024588411374812935,-0.0029314218465817943,-0.005377394440914229,USD_CAP,0.0024588411374812935
PRT,2015,15.883,1.48,418.613,4336.03,10358076.0,-0.0004405286343612813,-0.0033670033670034627,0.038198362643876216,0.03390941909762457,-0.0041328472034875,USD_CAP,0.038198362643876216
PRT,2016,15.428,1.449,434.328,4484.63,10325452.0,-0.02864698104892016,-0.0209459459459459,0.037540640161676686,0.03427098059745903,-0.003149619678403548,USD_CAP,0.037540640161676686
PRT,2017,15.013,1.397,436.34,4494.43,10300300.0,-0.026899144412756093,-0.03588681849551423,0.004632443683115106,0.0021852415918370838,-0.002435922417730496,USD_CAP,0.004632443683115106
PRT,2018,14.676,1.381,459.974,4730.29,10283822.0,-0.022447212415906193,-0.01145311381531855,0.05416418389329425,0.052478289794256394,-0.0015997592303136354,USD_CAP,0.05416418389329425
PRT,2019,14.775,1.406,476.286,4899.2,10286263.0,0.006745707277187263,0.018102824040550303,0.035462873988529875,0.03570817011219174,0.00023736311266375765,TOTAL_SPEND,0.03570817011219174
PRT,2020,15.64,1.65,524.715,5403.03,10297081.0,0.05854483925549925,0.17354196301564717,0.10168050289112007,0.10283923905943837,0.0010516938950519972,PC_GDP,0.17354196301564717
ROU,2011,38.451,1.721,320.393,6455.13,20147528.0,,,,,,,
ROU,2012,36.404,1.641,323.816,6495.11,20058035.0,-0.05323658682478993,-0.046484601975595674,0.010683754014600755,0.0061935236006089855,-0.004441884880368452,USD_CAP,0.010683754014600755
ROU,2013,39.231,2.05,406.056,8114.5,19983693.0,0.0776563015053291,0.24923826934795845,0.25397139116041223,0.2493244918099926,-0.00370634511306811,USD_CAP,0.25397139116041223
ROU,2014,35.293,1.775,369.803,7362.4,19908979.0,-0.1003798016874411,-0.13414634146341464,-0.08928078885670943,-0.0926859325898084,-0.003738748388498525,POPULATION,-0.003738748388498525
ROU,2015,33.431,1.652,363.502,7203.02,19815616.0,-0.05275833734734936,-0.06929577464788728,-0.017038801740386078,-0.02164783222862099,-0.004689492113081228,POPULATION,-0.004689492113081228
ROU,2016,31.075,1.579,388.742,7659.1,19702267.0,-0.07047351260805834,-0.044188861985472117,0.06943565647506755,0.06331788610888212,-0.005720185534479505,USD_CAP,0.06943565647506755
ROU,2017,25.966,1.347,367.124,7191.49,19588715.0,-0.16440868865647618,-0.1469284357188093,-0.0556101476043237,-0.0610528652191511,-0.005763397684134475,POPULATION,-0.005763397684134475
ROU,2018,24.678,1.362,409.492,7974.43,19473970.0,-0.0496033274281753,0.011135857461024523,0.11540514921388967,0.10887034536653739,-0.00585770940054009,USD_CAP,0.11540514921388967
ROU,2019,25.773,1.473,475.315,9207.63,19371648.0,0.0443715049841964,0.08149779735682827,0.16074306701962415,0.15464428178565726,-0.005254295862631042,USD_CAP,0.16074306701962415
ROU,2020,24.792,1.544,508.626,9798.81,19265250.0,-0.038063089279478435,0.04820095044127637,0.07008194565709047,0.0642054470042781,-0.005492459908418734,USD_CAP,0.07008194565709047
SVK,2011,28.72,2.096,567.145,3061.67,5398384.0,,,,,,,
SVK,2012,26.544,2.0,556.726,3010.54,5407579.0,-0.07576601671309191,-0.04580152671755733,-0.018370963333891654,-0.016700036254723716,0.00170328750233395,POPULATION,0.00170328750233395
SVK,2013,26.535,1.989,571.491,3093.71,5413393.0,-0.00033905967450276187,-0.005499999999999949,0.02652112529323225,0.02762627302743037,0.0010751576629763893,TOTAL_SPEND,0.02762627302743037
SVK,2014,27.029,1.861,543.317,2944.04,5418649.0,0.018616921047672985,-0.06435394670688799,-0.049299114071787664,-0.04837880732195332,0.0009709252588903095,PC_HEALTHXP,0.018616921047672985
SVK,2015,26.866,1.817,553.2,3000.45,5423801.0,-0.006030559769136912,-0.02364320257925845,0.01819011737162657,0.01916074509857202,0.0009507905014700668,TOTAL_SPEND,0.01916074509857202
SVK,2016,26.594,1.854,542.415,2945.75,5430798.0,-0.010124320702746936,0.020363236103467353,-0.019495661605206216,-0.01823059874352173,0.0012900547051781786,PC_GDP,0.020363236103467353
SVK,2017,26.39,1.783,521.065,2834.19,5439232.0,-0.007670903211250635,-0.03829557713052867,-0.03936100587188762,-0.03787150980225751,0.001552994605949154,POPULATION,0.001552994605949154
SVK,2018,25.513,1.701,512.545,2791.72,5446771.0,-0.03323228495642283,-0.045989904655075686,-0.016351127018702227,-0.014984881041849807,0.0013860412646491405,POPULATION,0.0013860412646491405
SVK,2019,24.439,1.691,516.996,2819.77,5454147.0,-0.04209618625798617,-0.005878894767783693,0.0086841155410744,0.010047569240468235,0.0013541968259727089,TOTAL_SPEND,0.010047569240468235
SVK,2020,23.721,1.691,504.235,2752.53,5458827.0,-0.029379270837595617,0.0,-0.024682976270609336,-0.02384591651092105,0.0008580626814789216,POPULATION,0.0008580626814789216
SVN,2011,19.556,1.669,464.769,954.1,2052843.0,,,,,,,
SVN,2012,20.135,1.755,489.476,1006.93,2057159.0,0.029607281652689776,0.05152786099460749,0.053159741721156006,0.055371554344408214,0.002102450114304988,TOTAL_SPEND,0.055371554344408214
SVN,2013,20.096,1.756,501.439,1032.94,2059953.0,-0.0019369257511796523,0.0005698005698007158,0.02444042200230445,0.025830991230770817,0.001358183786474454,TOTAL_SPEND,0.025830991230770817
SVN,2014,18.543,1.576,463.397,955.52,2061980.0,-0.07727906050955413,-0.10250569476082005,-0.07586565863445016,-0.0749511104226771,0.000984003033078995,POPULATION,0.000984003033078995
SVN,2015,18.252,1.555,470.778,971.46,2063531.0,-0.015693253518848094,-0.01332487309644681,0.01592802715598074,0.016682016075016737,0.0007521896429645292,TOTAL_SPEND,0.016682016075016737
SVN,2016,18.27,1.549,500.273,1033.08,2065042.0,0.0009861932938857176,-0.0038585209003215715,0.06265161073796999,0.06343030078438616,0.0007322400293476861,TOTAL_SPEND,0.06343030078438616
SVN,2017,18.395,1.506,521.07,1076.73,2066388.0,0.006841817186644672,-0.02775984506132989,0.041571302069070226,0.042252294110814326,0.0006518027236250834,TOTAL_SPEND,0.042252294110814326
SVN,2018,17.958,1.486,546.854,1134.12,2073894.0,-0.02375645555857575,-0.013280212483399723,0.049482795017943726,0.05330027026273987,0.00363242527540808,TOTAL_SPEND,0.05330027026273987
SVN,2019,17.365,1.476,559.466,1168.38,2088385.0,-0.03302149459850767,-0.006729475100942128,0.023062828469756047,0.030208443550947095,0.006987338793593034,TOTAL_SPEND,0.030208443550947095
SVN,2020,17.259,1.628,599.589,1260.59,2102419.0,-0.006104232651885866,0.102981029810298,0.07171660118756118,0.07892124137694911,0.006720025282694442,PC_GDP,0.102981029810298
SWE,2011,10.475,1.091,467.145,4414.15,9449213.0,,,,,,,
SWE,2012,10.358,1.112,484.705,4614.09,9519374.0,-0.011169451073985592,0.019248395967002896,0.037590041635894744,0.045295243704903676,0.007425062806817984,TOTAL_SPEND,0.045295243704903676
SWE,2013,10.05,1.096,475.572,4565.67,9600379.0,-0.029735470167986056,-0.014388489208633115,-0.018842388669396803,-0.010493943551166063,0.008509488123903841,POPULATION,0.008509488123903841
SWE,2014,10.024,1.097,487.696,4728.75,9696110.0,-0.002587064676617068,0.0009124087591239061,0.02549351097205066,0.03571874445590684,0.00997158549678101,TOTAL_SPEND,0.03571874445590684
SWE,2015,10.09,1.09,504.915,4947.76,9799186.0,0.006584197924980106,-0.006381039197812077,0.03530683048456407,0.046314565159925936,0.01063065497400495,TOTAL_SPEND,0.046314565159925936
SWE,2016,10.227,1.11,524.404,5203.71,9923085.0,0.013577799801784085,0.01834862385321112,0.03859857599794014,0.051730480055621086,0.012643805311992162,TOTAL_SPEND,0.051730480055621086
SWE,2017,9.825,1.06,512.816,5157.75,10057698.0,-0.039307714872396704,-0.04504504504504503,-0.0220974668385443,-0.008832160131905908,0.013565640120990707,POPULATION,0.013565640120990707
SWE,2018,9.914,1.085,537.282,5466.96,10175214.0,0.009058524173028104,0.023584905660377187,0.04770911984025461,0.05995055983713837,0.011684184591742586,TOTAL_SPEND,0.05995055983713837
SWE,2019,9.604,1.04,517.451,5318.82,10278887.0,-0.03126891264877951,-0.041474654377880116,-0.036909853670884174,-0.02709732648492036,0.010188778339207394,POPULATION,0.010188778339207394
SWE,2020,9.663,1.095,554.039,5736.21,10353442.0,0.006143273635985214,0.05288461538461542,0.07070814434603467,0.07847417284284863,0.007253217201434348,TOTAL_SPEND,0.07847417284284863
USA,2011,12.427,2.006,1004.205,312893.69,311583481.0,,,,,,,
USA,2012,12.145,1.958,1013.8,318209.17,313877662.0,-0.022692524342158182,-0.023928215353938076,0.009554821973601024,0.016988134212613915,0.007362973777162551,TOTAL_SPEND,0.016988134212613915
USA,2013,11.975,1.915,1020.541,322552.13,316059947.0,-0.013997529847673884,-0.02196118488253318,0.006649240481357399,0.013648129624925787,0.006952661065762644,TOTAL_SPEND,0.013648129624925787
USA,2014,12.527,2.029,1118.634,356157.77,318386329.0,0.04609603340292279,0.05953002610966052,0.09611862727710108,0.10418669379117107,0.007360572011992472,TOTAL_SPEND,0.10418669379117107
USA,2015,12.707,2.095,1189.437,381498.83,320738994.0,0.014368963039834037,0.032528339083292446,0.0632941605565358,0.07115122042683497,0.007389340514051934,TOTAL_SPEND,0.07115122042683497
USA,2016,12.263,2.06,1192.301,385198.78,323071755.0,-0.03494137089793037,-0.01670644391408116,0.0024078618707843447,0.009698457004442274,0.007273081987654972,TOTAL_SPEND,0.009698457004442274
USA,2017,11.954,2.004,1200.769,390396.57,325122128.0,-0.0251977493272445,-0.027184466019417486,0.007102233412535908,0.013493786247194217,0.006346494140287762,TOTAL_SPEND,0.013493786247194217
USA,2018,11.766,1.957,1229.266,401771.09,326838199.0,-0.015726953321064108,-0.02345309381237526,0.023732291556494367,0.029135809261848777,0.005278235014505084,TOTAL_SPEND,0.029135809261848777
USA,2019,11.767,1.961,1277.032,419287.86,328329953.0,8.499065102829384e-05,0.0020439448134901284,0.03885733437677441,0.04359888114398669,0.004564197222246991,TOTAL_SPEND,0.04359888114398669
USA,2020,11.037,2.07,1315.218,436030.19,331526933.0,-0.06203790260899111,0.05558388577256479,0.029902148105920734,0.03993039531361586,0.009737095171453936,PC_GDP,0.05558388577256479
